"User ID","Name","Email","Phone Number","Gender","Destination","Type","Weather","Budget (â‚¹)","Vibe","Travel Goal"
"1","Raj","raj1@email.com","9876543210","Male","Goa","Beach","Tropical","5K-15K","To Have Fun","Exciting Adventures"
"2","Priya","priya2@email.com","8765432109","Female","Andaman","Beach","Tropical","15K-25K","To Explore","New Friends"
"3","Amit","amit3@email.com","7654321098","Male","Gokarna","Beach","Mild","Under 5K","To Rest","Good Memories"
"4","Sneha","sneha4@email.com","6543210987","Female","Kovalam","Beach","Breezy","25K+","To Celebrate","Great Photos"
"5","Karan","karan5@email.com","5432109876","Male","Lakshadweep","Beach","Tropical","5K-15K","To Learn","Peace and Quiet"
"6","Neha","neha6@email.com","4321098765","Female","Pondicherry","Beach","Mild","15K-25K","To Have Fun","Exciting Adventures"
"7","Vikram","vikram7@email.com","3210987654","Male","Vizag","Beach","Tropical","Under 5K","To Explore","New Friends"
"8","Riya","riya8@email.com","2109876543","Female","Diu","Beach","Breezy","5K-15K","To Rest","Peace and Quiet"
"9","Arjun","arjun9@email.com","1098765432","Male","Alleppey","Beach","Tropical","25K+","To Celebrate","Good Memories"
"10","Pooja","pooja10@email.com","0987654321","Female","Puri","Beach","Mild","15K-25K","To Learn","Great Photos"
"11","Ravi","ravi11@email.com","9876543211","Male","Manali","Mountain","Snowy","5K-15K","To Have Fun","Exciting Adventures"
"12","Anjali","anjali12@email.com","8765432110","Female","Gulmarg","Mountain","Chilly","Under 5K","To Explore","New Friends"
"13","Suresh","suresh13@email.com","7654321109","Male","Shimla","Mountain","Cold","15K-25K","To Rest","Peace and Quiet"
"14","Divya","divya14@email.com","6543211098","Female","Darjeeling","Mountain","Pleasant","25K+","To Celebrate","Good Memories"
"15","Nitin","nitin15@email.com","5432101097","Male","Spiti Valley","Mountain","Snowy","5K-15K","To Learn","Great Photos"
"16","Kavya","kavya16@email.com","4321091096","Female","Nainital","Mountain","Chilly","Under 5K","To Have Fun","Exciting Adventures"
"17","Sameer","sameer17@email.com","3210981095","Male","Auli","Mountain","Cold","15K-25K","To Explore","New Friends"
"18","Meera","meera18@email.com","2109871094","Female","Tawang","Mountain","Pleasant","25K+","To Rest","Peace and Quiet"
"19","Rohan","rohan19@email.com","1098761093","Male","Coorg","Hill","Misty","5K-15K","To Have Fun","Exciting Adventures"
"20","Tanya","tanya20@email.com","0987651092","Female","Mahabaleshwar","Hill","Breezy","Under 5K","To Explore","New Friends"
"21","Aditya","aditya21@email.com","9876541091","Male","Munnar","Hill","Pleasant","15K-25K","To Rest","Peace and Quiet"
"22","Shalini","shalini22@email.com","8765431090","Female","Ooty","Hill","Cold","25K+","To Celebrate","Good Memories"
"23","Vivek","vivek23@email.com","7654321089","Male","Mount Abu","Hill","Misty","5K-15K","To Learn","Great Photos"
"24","Preeti","preeti24@email.com","6543211088","Female","Ranikhet","Hill","Breezy","Under 5K","To Have Fun","Exciting Adventures"
"25","Ajay","ajay25@email.com","5432101087","Male","Cherrapunji","Hill","Rainy","15K-25K","To Explore","New Friends"
"26","Ruchi","ruchi26@email.com","4321091086","Female","Kodaikanal","Hill","Misty","25K+","To Rest","Peace and Quiet"
"27","Siddhant","siddhant27@email.com","3210981085","Male","Mussoorie","Hill","Pleasant","5K-15K","To Celebrate","Good Memories"
"28","Nisha","nisha28@email.com","2109871084","Female","Lonavala","Hill","Breezy","Under 5K","To Learn","Great Photos"
"29","Yash","yash29@email.com","1098761083","Male","Jaisalmer","Desert","Hot","15K-25K","To Have Fun","Exciting Adventures"
"30","Ananya","ananya30@email.com","0987651082","Female","Ladakh","Desert","Dry","25K+","To Explore","New Friends"
"31","Kunal","kunal31@email.com","9876541071","Male","Bikaner","Desert","Hot","5K-15K","To Rest","Peace and Quiet"
"32","Simran","simran32@email.com","8765431060","Female","Rann of Kutch","Desert","Dry","Under 5K","To Celebrate","Good Memories"
"33","Tarun","tarun33@email.com","7654321059","Male","Pushkar","Desert","Hot","15K-25K","To Learn","Great Photos"
"34","Sonali","sonali34@email.com","6543211048","Female","Agra","Heritage","Warm","5K-15K","To Have Fun","Exciting Adventures"
"35","Gaurav","gaurav35@email.com","5432101037","Male","Jaipur","Heritage","Mild","Under 5K","To Explore","New Friends"
"36","Ritu","ritu36@email.com","4321091026","Female","Udaipur","Heritage","Warm","15K-25K","To Rest","Peace and Quiet"
"37","Manish","manish37@email.com","3210981015","Male","Hampi","Heritage","Mild","25K+","To Celebrate","Good Memories"
"38","Pallavi","pallavi38@email.com","2109871004","Female","Khajuraho","Heritage","Warm","5K-15K","To Learn","Great Photos"
"39","Rakesh","rakesh39@email.com","1098761092","Male","Fatehpur Sikri","Heritage","Mild","Under 5K","To Have Fun","Exciting Adventures"
"40","Lakshmi","lakshmi40@email.com","0987651081","Female","Varanasi","Spiritual","Hot","15K-25K","To Explore","New Friends"
"41","Sanjay","sanjay41@email.com","9876541070","Male","Kedarnath","Spiritual","Pleasant","5K-15K","To Rest","Peace and Quiet"
"42","Komal","komal42@email.com","8765431069","Female","Haridwar","Spiritual","Chilly","Under 5K","To Celebrate","Good Memories"
"43","Rahul","rahul43@email.com","7654321058","Male","Rameswaram","Spiritual","Hot","25K+","To Learn","Great Photos"
"44","Shreya","shreya44@email.com","6543211047","Female","Amritsar","Spiritual","Pleasant","15K-25K","To Have Fun","Exciting Adventures"
"45","Vijay","vijay45@email.com","5432101036","Male","Tirupati","Spiritual","Hot","5K-15K","To Explore","New Friends"
"46","Asha","asha46@email.com","4321091025","Female","Dwarka","Spiritual","Mild","Under 5K","To Rest","Peace and Quiet"
"47","Prakash","prakash47@email.com","3210981014","Male","Sundarbans","Wildlife","Humid","15K-25K","To Have Fun","Exciting Adventures"
"48","Monika","monika48@email.com","2109871003","Female","Rishikesh","Wildlife","Pleasant","5K-15K","To Explore","New Friends"
"49","Deepak","deepak49@email.com","1098761091","Male","Kaziranga","Wildlife","Humid","Under 5K","To Rest","Peace and Quiet"
"50","Nidhi","nidhi50@email.com","0987651080","Female","Gir","Wildlife","Pleasant","25K+","To Celebrate","Good Memories"
"51","Sachin","sachin51@email.com","9876541069","Male","Jim Corbett","Wildlife","Pleasant","15K-25K","To Learn","Great Photos"
"52","Rohit","rohit52@email.com","9876543001","Male","Goa","Beach","Tropical","5K-15K","To Have Fun","Exciting Adventures"
"53","Aisha","aisha53@email.com","8765432002","Female","Goa","Beach","Tropical","5K-15K","To Have Fun","Exciting Adventures"
"54","Vikrant","vikrant54@email.com","7654321003","Male","Goa","Beach","Tropical","5K-15K","To Have Fun","Exciting Adventures"
"55","Sonia","sonia55@email.com","6543210004","Female","Goa","Beach","Tropical","5K-15K","To Have Fun","Exciting Adventures"
"56","Arnav","arnav56@email.com","9876543005","Male","Andaman","Beach","Tropical","15K-25K","To Explore","New Friends"
"57","Kiara","kiara57@email.com","8765432006","Female","Andaman","Beach","Tropical","15K-25K","To Explore","New Friends"
"58","Dev","dev58@email.com","7654321007","Male","Andaman","Beach","Tropical","15K-25K","To Explore","New Friends"
"59","Maya","maya59@email.com","6543210008","Female","Andaman","Beach","Tropical","15K-25K","To Explore","New Friends"
"60","Ishaan","ishaan60@email.com","9876543009","Male","Gokarna","Beach","Mild","Under 5K","To Rest","Good Memories"
"61","Zara","zara61@email.com","8765432010","Female","Gokarna","Beach","Mild","Under 5K","To Rest","Good Memories"
"62","Nikhil","nikhil62@email.com","7654321011","Male","Gokarna","Beach","Mild","Under 5K","To Rest","Good Memories"
"63","Leela","leela63@email.com","6543210012","Female","Gokarna","Beach","Mild","Under 5K","To Rest","Good Memories"
"64","Sameer","sameer64@email.com","9876543013","Male","Kovalam","Beach","Breezy","25K+","To Celebrate","Great Photos"
"65","Tara","tara65@email.com","8765432014","Female","Kovalam","Beach","Breezy","25K+","To Celebrate","Great Photos"
"66","Kabir","kabir66@email.com","7654321015","Male","Kovalam","Beach","Breezy","25K+","To Celebrate","Great Photos"
"67","Neeti","neeti67@email.com","6543210016","Female","Kovalam","Beach","Breezy","25K+","To Celebrate","Great Photos"
"68","Ayan","ayan68@email.com","9876543017","Male","Lakshadweep","Beach","Tropical","5K-15K","To Learn","Peace and Quiet"
"69","Rhea","rhea69@email.com","8765432018","Female","Lakshadweep","Beach","Tropical","5K-15K","To Learn","Peace and Quiet"
"70","Jai","jai70@email.com","7654321019","Male","Lakshadweep","Beach","Tropical","5K-15K","To Learn","Peace and Quiet"
"71","Lina","lina71@email.com","6543210020","Female","Lakshadweep","Beach","Tropical","5K-15K","To Learn","Peace and Quiet"
"72","Omkar","omkar72@email.com","9876543021","Male","Pondicherry","Beach","Mild","15K-25K","To Have Fun","Exciting Adventures"
"73","Pia","pia73@email.com","8765432022","Female","Pondicherry","Beach","Mild","15K-25K","To Have Fun","Exciting Adventures"
"74","Rudra","rudra74@email.com","7654321023","Male","Pondicherry","Beach","Mild","15K-25K","To Have Fun","Exciting Adventures"
"75","Sana","sana75@email.com","6543210024","Female","Pondicherry","Beach","Mild","15K-25K","To Have Fun","Exciting Adventures"
"76","Veer","veer76@email.com","9876543025","Male","Vizag","Beach","Tropical","Under 5K","To Explore","New Friends"
"77","Mira","mira77@email.com","8765432026","Female","Vizag","Beach","Tropical","Under 5K","To Explore","New Friends"
"78","Aditya","aditya78@email.com","7654321027","Male","Vizag","Beach","Tropical","Under 5K","To Explore","New Friends"
"79","Nia","nia79@email.com","6543210028","Female","Vizag","Beach","Tropical","Under 5K","To Explore","New Friends"
"80","Kunal","kunal80@email.com","9876543029","Male","Diu","Beach","Breezy","5K-15K","To Rest","Peace and Quiet"
"81","Isha","isha81@email.com","8765432030","Female","Diu","Beach","Breezy","5K-15K","To Rest","Peace and Quiet"
"82","Ravi","ravi82@email.com","7654321031","Male","Diu","Beach","Breezy","5K-15K","To Rest","Peace and Quiet"
"83","Tina","tina83@email.com","6543210032","Female","Diu","Beach","Breezy","5K-15K","To Rest","Peace and Quiet"
"84","Aarav","aarav84@email.com","9876543033","Male","Alleppey","Beach","Tropical","25K+","To Celebrate","Good Memories"
"85","Zoya","zoya85@email.com","8765432034","Female","Alleppey","Beach","Tropical","25K+","To Celebrate","Good Memories"
"86","Rohan","rohan86@email.com","7654321035","Male","Alleppey","Beach","Tropical","25K+","To Celebrate","Good Memories"
"87","Dia","dia87@email.com","6543210036","Female","Alleppey","Beach","Tropical","25K+","To Celebrate","Good Memories"
"88","Yash","yash88@email.com","9876543037","Male","Puri","Beach","Mild","15K-25K","To Learn","Great Photos"
"89","Anvi","anvi89@email.com","8765432038","Female","Puri","Beach","Mild","15K-25K","To Learn","Great Photos"
"90","Siddh","siddh90@email.com","7654321039","Male","Puri","Beach","Mild","15K-25K","To Learn","Great Photos"
"91","Riya","riya91@email.com","6543210040","Female","Puri","Beach","Mild","15K-25K","To Learn","Great Photos"
"92","Harsh","harsh92@email.com","9876543041","Male","Manali","Mountain","Snowy","5K-15K","To Have Fun","Exciting Adventures"
"93","Niti","niti93@email.com","8765432042","Female","Manali","Mountain","Snowy","5K-15K","To Have Fun","Exciting Adventures"
"94","Prem","prem94@email.com","7654321043","Male","Manali","Mountain","Snowy","5K-15K","To Have Fun","Exciting Adventures"
"95","Simi","simi95@email.com","6543210044","Female","Manali","Mountain","Snowy","5K-15K","To Have Fun","Exciting Adventures"
"96","Akash","akash96@email.com","9876543045","Male","Gulmarg","Mountain","Chilly","Under 5K","To Explore","New Friends"
"97","Siya","siya97@email.com","8765432046","Female","Gulmarg","Mountain","Chilly","Under 5K","To Explore","New Friends"
"98","Vivan","vivan98@email.com","7654321047","Male","Gulmarg","Mountain","Chilly","Under 5K","To Explore","New Friends"
"99","Priti","priti99@email.com","6543210048","Female","Gulmarg","Mountain","Chilly","Under 5K","To Explore","New Friends"
"100","Rahul","rahul100@email.com","9876543049","Male","Shimla","Mountain","Cold","15K-25K","To Rest","Peace and Quiet"
"101","Kavya","kavya101@email.com","8765432050","Female","Shimla","Mountain","Cold","15K-25K","To Rest","Peace and Quiet"
"102","Sahil","sahil102@email.com","7654321051","Male","Shimla","Mountain","Cold","15K-25K","To Rest","Peace and Quiet"
"103","Meera","meera103@email.com","6543210052","Female","Shimla","Mountain","Cold","15K-25K","To Rest","Peace and Quiet"
"104","Amit","amit104@email.com","9876543053","Male","Darjeeling","Mountain","Pleasant","25K+","To Celebrate","Good Memories"
"105","Ritu","ritu105@email.com","8765432054","Female","Darjeeling","Mountain","Pleasant","25K+","To Celebrate","Good Memories"
"106","Rishi","rishi106@email.com","7654321055","Male","Darjeeling","Mountain","Pleasant","25K+","To Celebrate","Good Memories"
"107","Sneha","sneha107@email.com","6543210056","Female","Darjeeling","Mountain","Pleasant","25K+","To Celebrate","Good Memories"
"108","Vikas","vikas108@email.com","9876543057","Male","Spiti Valley","Mountain","Snowy","5K-15K","To Learn","Great Photos"
"109","Anu","anu109@email.com","8765432058","Female","Spiti Valley","Mountain","Snowy","5K-15K","To Learn","Great Photos"
"110","Manan","manan110@email.com","7654321059","Male","Spiti Valley","Mountain","Snowy","5K-15K","To Learn","Great Photos"
"111","Tanya","tanya111@email.com","6543210060","Female","Spiti Valley","Mountain","Snowy","5K-15K","To Learn","Great Photos"
"112","Rajat","rajat112@email.com","9876543061","Male","Nainital","Mountain","Chilly","Under 5K","To Have Fun","Exciting Adventures"
"113","Poonam","poonam113@email.com","8765432062","Female","Nainital","Mountain","Chilly","Under 5K","To Have Fun","Exciting Adventures"
"114","Karan","karan114@email.com","7654321063","Male","Nainital","Mountain","Chilly","Under 5K","To Have Fun","Exciting Adventures"
"115","Shalini","shalini115@email.com","6543210064","Female","Nainital","Mountain","Chilly","Under 5K","To Have Fun","Exciting Adventures"
"116","Nitin","nitin116@email.com","9876543065","Male","Auli","Mountain","Cold","15K-25K","To Explore","New Friends"
"117","Priya","priya117@email.com","8765432066","Female","Auli","Mountain","Cold","15K-25K","To Explore","New Friends"
"118","Suman","suman118@email.com","7654321067","Male","Auli","Mountain","Cold","15K-25K","To Explore","New Friends"
"119","Jaya","jaya119@email.com","6543210068","Female","Auli","Mountain","Cold","15K-25K","To Explore","New Friends"
"120","Arjun","arjun120@email.com","9876543069","Male","Tawang","Mountain","Pleasant","25K+","To Rest","Peace and Quiet"
"121","Neha","neha121@email.com","8765432070","Female","Tawang","Mountain","Pleasant","25K+","To Rest","Peace and Quiet"
"122","Vijay","vijay122@email.com","7654321071","Male","Tawang","Mountain","Pleasant","25K+","To Rest","Peace and Quiet"
"123","Anita","anita123@email.com","6543210072","Female","Tawang","Mountain","Pleasant","25K+","To Rest","Peace and Quiet"
"124","Rohan","rohan124@email.com","9876543073","Male","Coorg","Hill","Misty","5K-15K","To Have Fun","Exciting Adventures"
"125","Zara","zara125@email.com","8765432074","Female","Coorg","Hill","Misty","5K-15K","To Have Fun","Exciting Adventures"
"126","Aditya","aditya126@email.com","7654321075","Male","Coorg","Hill","Misty","5K-15K","To Have Fun","Exciting Adventures"
"127","Nia","nia127@email.com","6543210076","Female","Coorg","Hill","Misty","5K-15K","To Have Fun","Exciting Adventures"
"128","Kunal","kunal128@email.com","9876543077","Male","Mahabaleshwar","Hill","Breezy","Under 5K","To Explore","New Friends"
"129","Isha","isha129@email.com","8765432078","Female","Mahabaleshwar","Hill","Breezy","Under 5K","To Explore","New Friends"
"130","Ravi","ravi130@email.com","7654321079","Male","Mahabaleshwar","Hill","Breezy","Under 5K","To Explore","New Friends"
"131","Tina","tina131@email.com","6543210080","Female","Mahabaleshwar","Hill","Breezy","Under 5K","To Explore","New Friends"
"132","Aarav","aarav132@email.com","9876543081","Male","Munnar","Hill","Pleasant","15K-25K","To Rest","Peace and Quiet"
"133","Zoya","zoya133@email.com","8765432082","Female","Munnar","Hill","Pleasant","15K-25K","To Rest","Peace and Quiet"
"134","Rohan","rohan134@email.com","7654321083","Male","Munnar","Hill","Pleasant","15K-25K","To Rest","Peace and Quiet"
"135","Dia","dia135@email.com","6543210084","Female","Munnar","Hill","Pleasant","15K-25K","To Rest","Peace and Quiet"
"136","Yash","yash136@email.com","9876543085","Male","Ooty","Hill","Cold","25K+","To Celebrate","Good Memories"
"137","Anvi","anvi137@email.com","8765432086","Female","Ooty","Hill","Cold","25K+","To Celebrate","Good Memories"
"138","Siddh","siddh138@email.com","7654321087","Male","Ooty","Hill","Cold","25K+","To Celebrate","Good Memories"
"139","Riya","riya139@email.com","6543210088","Female","Ooty","Hill","Cold","25K+","To Celebrate","Good Memories"
"140","Harsh","harsh140@email.com","9876543089","Male","Mount Abu","Hill","Misty","5K-15K","To Learn","Great Photos"
"141","Niti","niti141@email.com","8765432090","Female","Mount Abu","Hill","Misty","5K-15K","To Learn","Great Photos"
"142","Prem","prem142@email.com","7654321091","Male","Mount Abu","Hill","Misty","5K-15K","To Learn","Great Photos"
"143","Simi","simi143@email.com","6543210092","Female","Mount Abu","Hill","Misty","5K-15K","To Learn","Great Photos"
"144","Akash","akash144@email.com","9876543093","Male","Ranikhet","Hill","Breezy","Under 5K","To Have Fun","Exciting Adventures"
"145","Siya","siya145@email.com","8765432094","Female","Ranikhet","Hill","Breezy","Under 5K","To Have Fun","Exciting Adventures"
"146","Vivan","vivan146@email.com","7654321095","Male","Ranikhet","Hill","Breezy","Under 5K","To Have Fun","Exciting Adventures"
"147","Priti","priti147@email.com","6543210096","Female","Ranikhet","Hill","Breezy","Under 5K","To Have Fun","Exciting Adventures"
"148","Rahul","rahul148@email.com","9876543097","Male","Cherrapunji","Hill","Rainy","15K-25K","To Explore","New Friends"
"149","Kavya","kavya149@email.com","8765432098","Female","Cherrapunji","Hill","Rainy","15K-25K","To Explore","New Friends"
"150","Sahil","sahil150@email.com","7654321099","Male","Cherrapunji","Hill","Rainy","15K-25K","To Explore","New Friends"
"151","Meera","meera151@email.com","6543210100","Female","Cherrapunji","Hill","Rainy","15K-25K","To Explore","New Friends"
"152","Amit","amit152@email.com","9876543101","Male","Kodaikanal","Hill","Misty","25K+","To Rest","Peace and Quiet"
"153","Ritu","ritu153@email.com","8765432102","Female","Kodaikanal","Hill","Misty","25K+","To Rest","Peace and Quiet"
"154","Rishi","rishi154@email.com","7654321103","Male","Kodaikanal","Hill","Misty","25K+","To Rest","Peace and Quiet"
"155","Sneha","sneha155@email.com","6543210104","Female","Kodaikanal","Hill","Misty","25K+","To Rest","Peace and Quiet"
"156","Vikas","vikas156@email.com","9876543105","Male","Mussoorie","Hill","Pleasant","5K-15K","To Celebrate","Good Memories"
"157","Anu","anu157@email.com","8765432106","Female","Mussoorie","Hill","Pleasant","5K-15K","To Celebrate","Good Memories"
"158","Manan","manan158@email.com","7654321107","Male","Mussoorie","Hill","Pleasant","5K-15K","To Celebrate","Good Memories"
"159","Tanya","tanya159@email.com","6543210108","Female","Mussoorie","Hill","Pleasant","5K-15K","To Celebrate","Good Memories"
"160","Rajat","rajat160@email.com","9876543109","Male","Lonavala","Hill","Breezy","Under 5K","To Learn","Great Photos"
"161","Poonam","poonam161@email.com","8765432110","Female","Lonavala","Hill","Breezy","Under 5K","To Learn","Great Photos"
"162","Karan","karan162@email.com","7654321111","Male","Lonavala","Hill","Breezy","Under 5K","To Learn","Great Photos"
"163","Shalini","shalini163@email.com","6543210112","Female","Lonavala","Hill","Breezy","Under 5K","To Learn","Great Photos"
"164","Nitin","nitin164@email.com","9876543113","Male","Jaisalmer","Desert","Hot","15K-25K","To Have Fun","Exciting Adventures"
"165","Priya","priya165@email.com","8765432114","Female","Jaisalmer","Desert","Hot","15K-25K","To Have Fun","Exciting Adventures"
"166","Suman","suman166@email.com","7654321115","Male","Jaisalmer","Desert","Hot","15K-25K","To Have Fun","Exciting Adventures"
"167","Jaya","jaya167@email.com","6543210116","Female","Jaisalmer","Desert","Hot","15K-25K","To Have Fun","Exciting Adventures"
"168","Arjun","arjun168@email.com","9876543117","Male","Ladakh","Desert","Dry","25K+","To Explore","New Friends"
"169","Neha","neha169@email.com","8765432118","Female","Ladakh","Desert","Dry","25K+","To Explore","New Friends"
"170","Vijay","vijay170@email.com","7654321119","Male","Ladakh","Desert","Dry","25K+","To Explore","New Friends"
"171","Anita","anita171@email.com","6543210120","Female","Ladakh","Desert","Dry","25K+","To Explore","New Friends"
"172","Rohan","rohan172@email.com","9876543121","Male","Bikaner","Desert","Hot","5K-15K","To Rest","Peace and Quiet"
"173","Zara","zara173@email.com","8765432122","Female","Bikaner","Desert","Hot","5K-15K","To Rest","Peace and Quiet"
"174","Aditya","aditya174@email.com","7654321123","Male","Bikaner","Desert","Hot","5K-15K","To Rest","Peace and Quiet"
"175","Nia","nia175@email.com","6543210124","Female","Bikaner","Desert","Hot","5K-15K","To Rest","Peace and Quiet"
"176","Kunal","kunal176@email.com","9876543125","Male","Rann of Kutch","Desert","Dry","Under 5K","To Celebrate","Good Memories"
"177","Isha","isha177@email.com","8765432126","Female","Rann of Kutch","Desert","Dry","Under 5K","To Celebrate","Good Memories"
"178","Ravi","ravi178@email.com","7654321127","Male","Rann of Kutch","Desert","Dry","Under 5K","To Celebrate","Good Memories"
"179","Tina","tina179@email.com","6543210128","Female","Rann of Kutch","Desert","Dry","Under 5K","To Celebrate","Good Memories"
"180","Aarav","aarav180@email.com","9876543129","Male","Pushkar","Desert","Hot","15K-25K","To Learn","Great Photos"
"181","Zoya","zoya181@email.com","8765432130","Female","Pushkar","Desert","Hot","15K-25K","To Learn","Great Photos"
"182","Rohan","rohan182@email.com","7654321131","Male","Pushkar","Desert","Hot","15K-25K","To Learn","Great Photos"
"183","Dia","dia183@email.com","6543210132","Female","Pushkar","Desert","Hot","15K-25K","To Learn","Great Photos"
"184","Yash","yash184@email.com","9876543133","Male","Agra","Heritage","Warm","5K-15K","To Have Fun","Exciting Adventures"
"185","Anvi","anvi185@email.com","8765432134","Female","Agra","Heritage","Warm","5K-15K","To Have Fun","Exciting Adventures"
"186","Siddh","siddh186@email.com","7654321135","Male","Agra","Heritage","Warm","5K-15K","To Have Fun","Exciting Adventures"
"187","Riya","riya187@email.com","6543210136","Female","Agra","Heritage","Warm","5K-15K","To Have Fun","Exciting Adventures"
"188","Harsh","harsh188@email.com","9876543137","Male","Jaipur","Heritage","Mild","Under 5K","To Explore","New Friends"
"189","Niti","niti189@email.com","8765432138","Female","Jaipur","Heritage","Mild","Under 5K","To Explore","New Friends"
"190","Prem","prem190@email.com","7654321139","Male","Jaipur","Heritage","Mild","Under 5K","To Explore","New Friends"
"191","Simi","simi191@email.com","6543210140","Female","Jaipur","Heritage","Mild","Under 5K","To Explore","New Friends"
"192","Akash","akash192@email.com","9876543141","Male","Udaipur","Heritage","Warm","15K-25K","To Rest","Peace and Quiet"
"193","Siya","siya193@email.com","8765432142","Female","Udaipur","Heritage","Warm","15K-25K","To Rest","Peace and Quiet"
"194","Vivan","vivan194@email.com","7654321143","Male","Udaipur","Heritage","Warm","15K-25K","To Rest","Peace and Quiet"
"195","Priti","priti195@email.com","6543210144","Female","Udaipur","Heritage","Warm","15K-25K","To Rest","Peace and Quiet"
"196","Rahul","rahul196@email.com","9876543145","Male","Hampi","Heritage","Mild","25K+","To Celebrate","Good Memories"
"197","Kavya","kavya197@email.com","8765432146","Female","Hampi","Heritage","Mild","25K+","To Celebrate","Good Memories"
"198","Sahil","sahil198@email.com","7654321147","Male","Hampi","Heritage","Mild","25K+","To Celebrate","Good Memories"
"199","Meera","meera199@email.com","6543210148","Female","Hampi","Heritage","Mild","25K+","To Celebrate","Good Memories"
"200","Amit","amit200@email.com","9876543149","Male","Khajuraho","Heritage","Warm","5K-15K","To Learn","Great Photos"
"201","Ritu","ritu201@email.com","8765432150","Female","Khajuraho","Heritage","Warm","5K-15K","To Learn","Great Photos"
"202","Rishi","rishi202@email.com","7654321151","Male","Khajuraho","Heritage","Warm","5K-15K","To Learn","Great Photos"
"203","Sneha","sneha203@email.com","6543210152","Female","Khajuraho","Heritage","Warm","5K-15K","To Learn","Great Photos"
"204","Vikas","vikas204@email.com","9876543153","Male","Fatehpur Sikri","Heritage","Mild","Under 5K","To Have Fun","Exciting Adventures"
"205","Anu","anu205@email.com","8765432154","Female","Fatehpur Sikri","Heritage","Mild","Under 5K","To Have Fun","Exciting Adventures"
"206","Manan","manan206@email.com","7654321155","Male","Fatehpur Sikri","Heritage","Mild","Under 5K","To Have Fun","Exciting Adventures"
"207","Tanya","tanya207@email.com","6543210156","Female","Fatehpur Sikri","Heritage","Mild","Under 5K","To Have Fun","Exciting Adventures"
"208","Rajat","rajat208@email.com","9876543157","Male","Varanasi","Spiritual","Hot","15K-25K","To Explore","New Friends"
"209","Poonam","poonam209@email.com","8765432158","Female","Varanasi","Spiritual","Hot","15K-25K","To Explore","New Friends"
"210","Karan","karan210@email.com","7654321159","Male","Varanasi","Spiritual","Hot","15K-25K","To Explore","New Friends"
"211","Shalini","shalini211@email.com","6543210160","Female","Varanasi","Spiritual","Hot","15K-25K","To Explore","New Friends"
"212","Nitin","nitin212@email.com","9876543161","Male","Kedarnath","Spiritual","Pleasant","5K-15K","To Rest","Peace and Quiet"
"213","Priya","priya213@email.com","8765432162","Female","Kedarnath","Spiritual","Pleasant","5K-15K","To Rest","Peace and Quiet"
"214","Suman","suman214@email.com","7654321163","Male","Kedarnath","Spiritual","Pleasant","5K-15K","To Rest","Peace and Quiet"
"215","Jaya","jaya215@email.com","6543210164","Female","Kedarnath","Spiritual","Pleasant","5K-15K","To Rest","Peace and Quiet"
"216","Arjun","arjun216@email.com","9876543165","Male","Haridwar","Spiritual","Chilly","Under 5K","To Celebrate","Good Memories"
"217","Neha","neha217@email.com","8765432166","Female","Haridwar","Spiritual","Chilly","Under 5K","To Celebrate","Good Memories"
"218","Vijay","vijay218@email.com","7654321167","Male","Haridwar","Spiritual","Chilly","Under 5K","To Celebrate","Good Memories"
"219","Anita","anita219@email.com","6543210168","Female","Haridwar","Spiritual","Chilly","Under 5K","To Celebrate","Good Memories"
"220","Rohan","rohan220@email.com","9876543169","Male","Rameswaram","Spiritual","Hot","25K+","To Learn","Great Photos"
"221","Zara","zara221@email.com","8765432170","Female","Rameswaram","Spiritual","Hot","25K+","To Learn","Great Photos"
"222","Aditya","aditya222@email.com","7654321171","Male","Rameswaram","Spiritual","Hot","25K+","To Learn","Great Photos"
"223","Nia","nia223@email.com","6543210172","Female","Rameswaram","Spiritual","Hot","25K+","To Learn","Great Photos"
"224","Kunal","kunal224@email.com","9876543173","Male","Amritsar","Spiritual","Pleasant","15K-25K","To Have Fun","Exciting Adventures"
"225","Isha","isha225@email.com","8765432174","Female","Amritsar","Spiritual","Pleasant","15K-25K","To Have Fun","Exciting Adventures"
"226","Ravi","ravi226@email.com","7654321175","Male","Amritsar","Spiritual","Pleasant","15K-25K","To Have Fun","Exciting Adventures"
"227","Tina","tina227@email.com","6543210176","Female","Amritsar","Spiritual","Pleasant","15K-25K","To Have Fun","Exciting Adventures"
"228","Aarav","aarav228@email.com","9876543177","Male","Tirupati","Spiritual","Hot","5K-15K","To Explore","New Friends"
"229","Zoya","zoya229@email.com","8765432178","Female","Tirupati","Spiritual","Hot","5K-15K","To Explore","New Friends"
"230","Rohan","rohan230@email.com","7654321179","Male","Tirupati","Spiritual","Hot","5K-15K","To Explore","New Friends"
"231","Dia","dia231@email.com","6543210180","Female","Tirupati","Spiritual","Hot","5K-15K","To Explore","New Friends"
"232","Yash","yash232@email.com","9876543181","Male","Dwarka","Spiritual","Mild","Under 5K","To Rest","Peace and Quiet"
"233","Anvi","anvi233@email.com","8765432182","Female","Dwarka","Spiritual","Mild","Under 5K","To Rest","Peace and Quiet"
"234","Siddh","siddh234@email.com","7654321183","Male","Dwarka","Spiritual","Mild","Under 5K","To Rest","Peace and Quiet"
"235","Riya","riya235@email.com","6543210184","Female","Dwarka","Spiritual","Mild","Under 5K","To Rest","Peace and Quiet"
"236","Harsh","harsh236@email.com","9876543185","Male","Sundarbans","Wildlife","Humid","15K-25K","To Have Fun","Exciting Adventures"
"237","Niti","niti237@email.com","8765432186","Female","Sundarbans","Wildlife","Humid","15K-25K","To Have Fun","Exciting Adventures"
"238","Prem","prem238@email.com","7654321187","Male","Sundarbans","Wildlife","Humid","15K-25K","To Have Fun","Exciting Adventures"
"239","Simi","simi239@email.com","6543210188","Female","Sundarbans","Wildlife","Humid","15K-25K","To Have Fun","Exciting Adventures"
"240","Akash","akash240@email.com","9876543189","Male","Rishikesh","Wildlife","Pleasant","5K-15K","To Explore","New Friends"
"241","Siya","siya241@email.com","8765432190","Female","Rishikesh","Wildlife","Pleasant","5K-15K","To Explore","New Friends"
"242","Vivan","vivan242@email.com","7654321191","Male","Rishikesh","Wildlife","Pleasant","5K-15K","To Explore","New Friends"
"243","Priti","priti243@email.com","6543210192","Female","Rishikesh","Wildlife","Pleasant","5K-15K","To Explore","New Friends"
"244","Rahul","rahul244@email.com","9876543193","Male","Kaziranga","Wildlife","Humid","Under 5K","To Rest","Peace and Quiet"
"245","Kavya","kavya245@email.com","8765432194","Female","Kaziranga","Wildlife","Humid","Under 5K","To Rest","Peace and Quiet"
"246","Sahil","sahil246@email.com","7654321195","Male","Kaziranga","Wildlife","Humid","Under 5K","To Rest","Peace and Quiet"
"247","Meera","meera247@email.com","6543210196","Female","Kaziranga","Wildlife","Humid","Under 5K","To Rest","Peace and Quiet"
"248","Amit","amit248@email.com","9876543197","Male","Gir","Wildlife","Pleasant","25K+","To Celebrate","Good Memories"
"249","Ritu","ritu249@email.com","8765432198","Female","Gir","Wildlife","Pleasant","25K+","To Celebrate","Good Memories"
"250","Rishi","rishi250@email.com","7654321199","Male","Gir","Wildlife","Pleasant","25K+","To Celebrate","Good Memories"
"251","Sneha","sneha251@email.com","6543210200","Female","Gir","Wildlife","Pleasant","25K+","To Celebrate","Good Memories"
"252","Vikas","vikas252@email.com","9876543201","Male","Jim Corbett","Wildlife","Pleasant","15K-25K","To Learn","Great Photos"
"253","Anu","anu253@email.com","8765432202","Female","Jim Corbett","Wildlife","Pleasant","15K-25K","To Learn","Great Photos"
"254","Manan","manan254@email.com","7654321203","Male","Jim Corbett","Wildlife","Pleasant","15K-25K","To Learn","Great Photos"
"255","Tanya","tanya255@email.com","6543210204","Female","Jim Corbett","Wildlife","Pleasant","15K-25K","To Learn","Great Photos"